,loss,accuracy,val_loss,val_accuracy
0,1.350319,0.932343,0.292873,0.948083
1,0.113829,0.975943,0.138014,0.974175
2,0.084092,0.985029,0.113109,0.976038
3,0.128139,0.983257,0.330342,0.961661
4,0.076688,0.989029,0.234011,0.977103
5,0.054700,0.990343,0.109983,0.982694
6,0.031950,0.994571,0.103211,0.979499
7,0.022765,0.996057,0.071862,0.986954
8,0.001921,0.999486,0.085900,0.988019
9,0.027267,0.995886,0.140078,0.981896
